,A,C,D,E,F,G,H,I,K,L,M,N,P,Q,R,S,T,V,W,Y
A,-0.13,-0.52,0.06,0.04,-0.56,0.11,-0.14,-0.55,0.03,-0.56,-0.54,0.07,0.0,0.02,0.08,0.05,0.01,-0.49,-0.51,-0.44
C,-0.52,-1.67,-0.46,-0.35,-0.96,-0.24,-0.67,-0.94,-0.37,-0.92,-0.96,-0.31,-0.43,-0.37,-0.27,-0.26,-0.39,-0.88,-0.82,-0.73
D,0.06,-0.46,0.15,0.16,-0.24,0.12,0.02,-0.09,0.1,-0.15,-0.19,0.09,0.03,0.07,0.12,0.08,0.04,-0.07,-0.16,-0.14
E,0.04,-0.35,0.16,0.09,-0.4,0.09,-0.01,-0.2,0.05,-0.29,-0.3,0.06,-0.02,0.04,0.08,0.04,0.01,-0.19,-0.34,-0.29
F,-0.56,-0.96,-0.24,-0.4,-1.33,-0.36,-0.59,-1.03,-0.41,-1.05,-1.01,-0.34,-0.52,-0.42,-0.38,-0.32,-0.46,-0.96,-0.95,-0.88
G,0.11,-0.24,0.12,0.09,-0.36,0.23,0.0,-0.19,0.07,-0.28,-0.26,0.08,0.04,0.05,0.09,0.09,0.05,-0.14,-0.31,-0.25
H,-0.14,-0.67,0.02,-0.01,-0.59,0.0,-0.2,-0.44,0.0,-0.52,-0.52,0.01,-0.09,-0.01,0.03,-0.02,-0.05,-0.4,-0.48,-0.42
I,-0.55,-0.94,-0.09,-0.2,-1.03,-0.19,-0.44,-0.91,-0.16,-0.92,-0.91,-0.17,-0.31,-0.21,-0.13,-0.15,-0.27,-0.85,-0.84,-0.73
K,0.03,-0.37,0.1,0.05,-0.41,0.07,0.0,-0.16,0.11,-0.25,-0.27,0.06,-0.03,0.03,0.15,0.04,0.0,-0.14,-0.35,-0.28
L,-0.56,-0.92,-0.15,-0.29,-1.05,-0.28,-0.52,-0.92,-0.25,-0.94,-0.92,-0.24,-0.38,-0.29,-0.23,-0.24,-0.34,-0.87,-0.88,-0.76
M,-0.54,-0.96,-0.19,-0.3,-1.01,-0.26,-0.52,-0.91,-0.27,-0.92,-0.94,-0.24,-0.37,-0.3,-0.24,-0.23,-0.33,-0.86,-0.87,-0.76
N,0.07,-0.31,0.09,0.06,-0.34,0.08,0.01,-0.17,0.06,-0.24,-0.24,0.11,0.0,0.04,0.07,0.07,0.03,-0.16,-0.3,-0.25
P,0.0,-0.43,0.03,-0.02,-0.52,0.04,-0.09,-0.31,-0.03,-0.38,-0.37,0.0,-0.07,-0.03,0.01,0.01,-0.02,-0.29,-0.44,-0.36
Q,0.02,-0.37,0.07,0.04,-0.42,0.05,-0.01,-0.21,0.03,-0.29,-0.3,0.04,-0.03,0.05,0.07,0.03,0.0,-0.2,-0.37,-0.31
R,0.08,-0.27,0.12,0.08,-0.38,0.09,0.03,-0.13,0.15,-0.23,-0.24,0.07,0.01,0.07,0.16,0.06,0.03,-0.12,-0.32,-0.26
S,0.05,-0.26,0.08,0.04,-0.32,0.09,-0.02,-0.15,0.04,-0.24,-0.23,0.07,0.01,0.03,0.06,0.1,0.04,-0.13,-0.28,-0.23
T,0.01,-0.39,0.04,0.01,-0.46,0.05,-0.05,-0.27,0.0,-0.34,-0.33,0.03,-0.02,0.0,0.03,0.04,0.06,-0.26,-0.39,-0.33
V,-0.49,-0.88,-0.07,-0.19,-0.96,-0.14,-0.4,-0.85,-0.14,-0.87,-0.86,-0.16,-0.29,-0.2,-0.12,-0.13,-0.26,-0.79,-0.77,-0.67
W,-0.51,-0.82,-0.16,-0.34,-0.95,-0.31,-0.48,-0.84,-0.35,-0.88,-0.87,-0.3,-0.44,-0.37,-0.32,-0.28,-0.39,-0.77,-0.91,-0.76
Y,-0.44,-0.73,-0.14,-0.29,-0.88,-0.25,-0.42,-0.73,-0.28,-0.76,-0.76,-0.25,-0.36,-0.31,-0.26,-0.23,-0.33,-0.67,-0.76,-0.7